Country,Year,GDP in current prices (millions of US dollars),GDP per capita (US dollars),Emissions (thousand metric tons of carbon dioxide),Emissions per capita (metric tons of carbon dioxide),Region,Income group
Albania,2005,"8,052","2,609","3,981",1.3,Europe & Central Asia,Upper middle income
Albania,2010,"11,927","4,046","4,074",1.4,Europe & Central Asia,Upper middle income
Albania,2015,"11,387","3,939","3,979",1.3,Europe & Central Asia,Upper middle income
Albania,2019,"15,400","5,346","4,183",1.4,Europe & Central Asia,Upper middle income
Algeria,2005,"103,198","3,113","78,045",2.3,Middle East & North Africa,Lower middle income
Algeria,2010,"161,207","4,481","96,452",2.7,Middle East & North Africa,Lower middle income
Algeria,2015,"165,979","4,178","131,690",3.3,Middle East & North Africa,Lower middle income
Algeria,2019,"171,158","3,976","143,586",3.3,Middle East & North Africa,Lower middle income
Angola,2005,"36,971","1,902","7,510",0.3,Sub-Saharan Africa,Lower middle income
Angola,2010,"83,799","3,588","15,863",0.6,Sub-Saharan Africa,Lower middle income
Angola,2015,"116,194","4,167","23,293",0.8,Sub-Saharan Africa,Lower middle income
Angola,2019,"89,417","2,810","20,597",0.6,Sub-Saharan Africa,Lower middle income
Argentina,2005,"200,622","5,158","143,245",3.6,Latin America & Caribbean,Upper middle income
Argentina,2010,"426,487","10,429","164,168",4.0,Latin America & Caribbean,Upper middle income
Argentina,2015,"644,903","14,971","181,804",4.2,Latin America & Caribbean,Upper middle income
Argentina,2019,"445,445","9,947","164,315",3.6,Latin America & Caribbean,Upper middle income
Armenia,2005,"5,226","1,753","4,163",1.4,Europe & Central Asia,Upper middle income
Armenia,2010,"9,875","3,432","4,118",1.4,Europe & Central Asia,Upper middle income
Armenia,2015,"10,553","3,607","5,222",1.7,Europe & Central Asia,Upper middle income
Armenia,2019,"13,619","4,605","5,986",2.0,Europe & Central Asia,Upper middle income
Australia,2005,"760,940","37,710","369,765",18.1,East Asia & Pacific,High income
Australia,2010,"1,299,463","58,654","387,702",17.4,East Asia & Pacific,High income
Australia,2015,"1,247,634","52,131","376,842",15.6,East Asia & Pacific,High income
Australia,2019,"1,380,208","54,763","385,156",15.0,East Asia & Pacific,High income
Austria,2005,"315,967","38,282","75,932",9.1,Europe & Central Asia,High income
Austria,2010,"391,893","46,599","70,090",8.2,Europe & Central Asia,High income
Austria,2015,"381,818","43,995","63,264",7.1,Europe & Central Asia,High income
Austria,2019,"445,012","49,694","64,685",7.1,Europe & Central Asia,High income
Azerbaijan,2005,"13,245","1,551","29,185",3.5,Europe & Central Asia,Upper middle income
Azerbaijan,2010,"52,906","5,857","23,643",2.6,Europe & Central Asia,Upper middle income
Azerbaijan,2015,"53,076","5,516","30,797",3.2,Europe & Central Asia,Upper middle income
Azerbaijan,2019,"48,174","4,795","34,325",3.4,Europe & Central Asia,Upper middle income
Bahrain,2005,"15,969","17,959","20,641",23.1,Middle East & North Africa,High income
Bahrain,2010,"25,713","20,722","25,644",20.6,Middle East & North Africa,High income
Bahrain,2015,"31,051","22,634","30,179",21.9,Middle East & North Africa,High income
Bahrain,2019,"38,474","23,443","32,733",19.9,Middle East & North Africa,High income
Bangladesh,2005,"57,628",414,"35,116",0.2,South Asia,Lower middle income
Bangladesh,2010,"114,508",776,"53,293",0.3,South Asia,Lower middle income
Bangladesh,2015,"194,466","1,245","74,394",0.5,South Asia,Lower middle income
Bangladesh,2019,"301,051","1,846","92,736",0.5,South Asia,Lower middle income
Belarus,2005,"31,232","3,266","55,755",5.7,Europe & Central Asia,Upper middle income
Belarus,2010,"57,232","6,075","60,272",6.3,Europe & Central Asia,Upper middle income
Belarus,2015,"56,455","5,981","53,261",5.5,Europe & Central Asia,Upper middle income
Belarus,2019,"64,410","6,814","56,140",5.9,Europe & Central Asia,Upper middle income
Belgium,2005,"385,561","36,557","108,685",10.3,Europe & Central Asia,High income
Belgium,2010,"480,952","43,968","105,403",9.6,Europe & Central Asia,High income
Belgium,2015,"462,150","40,942","93,987",8.2,Europe & Central Asia,High income
Belgium,2019,"535,289","46,388","91,419",7.9,Europe & Central Asia,High income
Benin,2005,"4,804",602,"3,198",0.3,Sub-Saharan Africa,Lower middle income
Benin,2010,"6,970",758,"5,148",0.5,Sub-Saharan Africa,Lower middle income
Benin,2015,"11,380","1,076","6,002",0.5,Sub-Saharan Africa,Lower middle income
Benin,2019,"14,392","1,220","7,941",0.6,Sub-Saharan Africa,Lower middle income
Bosnia and Herzegovina,2005,"11,223","2,981","16,059",4.2,Europe & Central Asia,Upper middle income
Bosnia and Herzegovina,2010,"17,176","4,635","20,734",5.5,Europe & Central Asia,Upper middle income
Bosnia and Herzegovina,2015,"16,212","4,727","19,633",5.6,Europe & Central Asia,Upper middle income
Bosnia and Herzegovina,2019,"20,203","6,120","21,277",6.3,Europe & Central Asia,Upper middle income
Botswana,2005,"9,931","5,520","4,515",2.4,Sub-Saharan Africa,Upper middle income
Botswana,2010,"12,787","6,435","3,501",1.6,Sub-Saharan Africa,Upper middle income
Botswana,2015,"14,421","6,800","7,192",3.3,Sub-Saharan Africa,Upper middle income
Botswana,2019,"18,362","7,971","7,495",3.1,Sub-Saharan Africa,Upper middle income
Brazil,2005,"891,634","4,790","327,026",1.7,Latin America & Caribbean,Upper middle income
Brazil,2010,"2,208,838","11,286","389,556",1.9,Latin America & Caribbean,Upper middle income
Brazil,2015,"1,802,212","8,814","474,044",2.2,Latin America & Caribbean,Upper middle income
Brazil,2019,"1,886,015","8,936","428,083",1.9,Latin America & Caribbean,Upper middle income
Brunei Darussalam,2005,"10,561","28,926","4,854",13.2,East Asia & Pacific,High income
Brunei Darussalam,2010,"13,707","35,269","6,901",17.6,East Asia & Pacific,High income
Brunei Darussalam,2015,"12,930","31,164","6,022",14.4,East Asia & Pacific,High income
Brunei Darussalam,2019,"13,469","31,086","6,636",15.2,East Asia & Pacific,High income
Bulgaria,2005,"29,869","3,886","47,002",6.1,Europe & Central Asia,Upper middle income
Bulgaria,2010,"50,682","6,826","44,604",5.9,Europe & Central Asia,Upper middle income
Bulgaria,2015,"50,782","7,053","44,163",6.1,Europe & Central Asia,Upper middle income
Bulgaria,2019,"68,914","9,845","38,778",5.5,Europe & Central Asia,Upper middle income
Cambodia,2005,"6,293",474,"3,447",0.2,East Asia & Pacific,Lower middle income
Cambodia,2010,"11,242",786,"5,630",0.3,East Asia & Pacific,Lower middle income
Cambodia,2015,"18,050","1,163","8,717",0.5,East Asia & Pacific,Lower middle income
Cambodia,2019,"27,098","1,644","13,879",0.8,East Asia & Pacific,Lower middle income
Cameroon,2005,"17,944","1,012","5,022",0.2,Sub-Saharan Africa,Lower middle income
Cameroon,2010,"26,144","1,285","6,666",0.2,Sub-Saharan Africa,Lower middle income
Cameroon,2015,"30,905","1,326","7,952",0.3,Sub-Saharan Africa,Lower middle income
Cameroon,2019,"39,007","1,507","8,691",0.3,Sub-Saharan Africa,Lower middle income
Canada,2005,"1,173,158","36,474","546,869",16.7,North America,High income
Canada,2010,"1,617,267","47,361","534,305",15.5,North America,High income
Canada,2015,"1,556,129","43,194","557,311",15.4,North America,High income
Canada,2019,"1,741,497","46,550","579,620",15.2,North America,High income
Chile,2005,"122,965","7,599","56,141",3.3,Latin America & Caribbean,High income
Chile,2010,"218,538","12,808","70,533",4.0,Latin America & Caribbean,High income
Chile,2015,"243,919","13,574","82,959",4.5,Latin America & Caribbean,High income
Chile,2019,"279,385","14,742","92,588",4.8,Latin America & Caribbean,High income
China,2005,"2,285,962","1,718","5,524,063",4.1,East Asia & Pacific,Upper middle income
China,2010,"6,087,188","4,447","7,943,765",5.9,East Asia & Pacific,Upper middle income
China,2015,"11,061,570","7,863","9,249,852",6.7,East Asia & Pacific,Upper middle income
China,2019,"14,279,966","9,960","9,985,311",7.1,East Asia & Pacific,Upper middle income
Colombia,2005,"145,619","3,414","54,307",1.3,Latin America & Caribbean,Upper middle income
Colombia,2010,"286,563","6,337","60,283",1.3,Latin America & Caribbean,Upper middle income
Colombia,2015,"293,482","6,176","75,679",1.6,Latin America & Caribbean,Upper middle income
Colombia,2019,"323,430","6,425","77,172",1.5,Latin America & Caribbean,Upper middle income
Costa Rica,2005,"20,045","4,677","5,691",1.3,Latin America & Caribbean,Upper middle income
Costa Rica,2010,"37,659","8,227","6,852",1.4,Latin America & Caribbean,Upper middle income
Costa Rica,2015,"56,442","11,643","7,153",1.4,Latin America & Caribbean,Upper middle income
Costa Rica,2019,"63,951","12,670","7,730",1.5,Latin America & Caribbean,Upper middle income
Côte d’Ivoire,2005,"17,085",931,"7,156",0.3,Sub-Saharan Africa,Lower middle income
Côte d’Ivoire,2010,"26,264","1,279","7,658",0.3,Sub-Saharan Africa,Lower middle income
Côte d’Ivoire,2015,"45,780","1,971","11,149",0.4,Sub-Saharan Africa,Lower middle income
Côte d’Ivoire,2019,"58,540","2,276","12,327",0.4,Sub-Saharan Africa,Lower middle income
Croatia,2005,"45,780","10,457","20,531",4.6,Europe & Central Asia,High income
Croatia,2010,"60,426","13,961","18,870",4.2,Europe & Central Asia,High income
Croatia,2015,"50,163","11,851","16,037",3.7,Europe & Central Asia,High income
Croatia,2019,"62,246","15,071","15,914",3.8,Europe & Central Asia,High income
Cuba,2005,"42,644","3,787","25,341",2.2,Latin America & Caribbean,Upper middle income
Cuba,2010,"64,328","5,730","27,298",2.4,Latin America & Caribbean,Upper middle income
Cuba,2015,"87,206","7,700","28,641",2.5,Latin America & Caribbean,Upper middle income
Cuba,2019,"103,428","9,126","25,426",2.2,Latin America & Caribbean,Upper middle income
Curaçao,2005,"2,345","18,018","6,020",27.2,Latin America & Caribbean,High income
Curaçao,2010,"2,951","19,782","4,418",19.1,Latin America & Caribbean,High income
Curaçao,2015,"3,152","19,718","5,306",33.4,Latin America & Caribbean,High income
Curaçao,2019,"3,102","18,980","2,196",13.7,Latin America & Caribbean,High income
Cyprus,2005,"18,694","25,311","7,183",9.7,Europe & Central Asia,High income
Cyprus,2010,"25,707","30,993","7,429",9.0,Europe & Central Asia,High income
Cyprus,2015,"19,835","23,398","6,050",7.1,Europe & Central Asia,High income
Cyprus,2019,"25,759","29,659","6,488",7.3,Europe & Central Asia,High income
Czechia,2005,"137,143","13,369","119,942",11.6,Europe & Central Asia,High income
Czechia,2010,"209,070","19,842","112,563",10.5,Europe & Central Asia,High income
Czechia,2015,"188,033","17,737","99,406",9.3,Europe & Central Asia,High income
Czechia,2019,"252,498","23,622","96,210",8.8,Europe & Central Asia,High income
Denmark,2005,"264,467","48,779","49,385",8.9,Europe & Central Asia,High income
Denmark,2010,"321,995","57,967","48,303",8.5,Europe & Central Asia,High income
Denmark,2015,"302,673","53,206","33,543",5.7,Europe & Central Asia,High income
Denmark,2019,"347,561","60,216","29,340",4.9,Europe & Central Asia,High income
Dominican Republic,2005,"35,510","3,903","17,941",1.9,Latin America & Caribbean,Upper middle income
Dominican Republic,2010,"53,160","5,483","19,457",2.0,Latin America & Caribbean,Upper middle income
Dominican Republic,2015,"71,155","6,921","21,988",2.1,Latin America & Caribbean,Upper middle income
Dominican Republic,2019,"88,941","8,282","25,651",2.3,Latin America & Caribbean,Upper middle income
Ecuador,2005,"41,507","3,002","24,271",1.7,Latin America & Caribbean,Upper middle income
Ecuador,2010,"69,555","4,634","32,074",2.1,Latin America & Caribbean,Upper middle income
Ecuador,2015,"99,290","6,124","37,777",2.3,Latin America & Caribbean,Upper middle income
Ecuador,2019,"108,108","6,223","35,990",2.0,Latin America & Caribbean,Upper middle income
El Salvador,2005,"14,698","2,429","6,628",1.1,Latin America & Caribbean,Lower middle income
El Salvador,2010,"18,448","2,983","6,276",1.0,Latin America & Caribbean,Lower middle income
El Salvador,2015,"23,438","3,706","6,800",1.0,Latin America & Caribbean,Lower middle income
El Salvador,2019,"26,897","4,168","7,610",1.1,Latin America & Caribbean,Lower middle income
Equatorial Guinea,2005,"8,520","11,367","5,935",7.9,Sub-Saharan Africa,Upper middle income
Equatorial Guinea,2010,"16,299","17,272","7,968",8.4,Sub-Saharan Africa,Upper middle income
Equatorial Guinea,2015,"13,176","11,275","5,536",4.7,Sub-Saharan Africa,Upper middle income
Equatorial Guinea,2019,"11,417","8,420","4,825",3.5,Sub-Saharan Africa,Upper middle income
Eritrea,2005,"1,098",389,700,0.2,Sub-Saharan Africa,Low income
Eritrea,2010,"1,590",501,617,0.2,Sub-Saharan Africa,Low income
Eritrea,2015,"2,013",602,704,0.1,Sub-Saharan Africa,Low income
Eritrea,2019,"1,982",567,907,0.2,Sub-Saharan Africa,Low income
Estonia,2005,"14,104","10,404","17,129",12.4,Europe & Central Asia,High income
Estonia,2010,"19,535","14,665","19,020",14.0,Europe & Central Asia,High income
Estonia,2015,"22,882","17,396","15,625",11.7,Europe & Central Asia,High income
Estonia,2019,"31,046","23,419","10,177",7.5,Europe & Central Asia,High income
Ethiopia,2005,"12,164",159,"13,664",0.1,Sub-Saharan Africa,Low income
Ethiopia,2010,"26,311",300,"16,423",0.1,Sub-Saharan Africa,Low income
Ethiopia,2015,"63,079",626,"22,071",0.1,Sub-Saharan Africa,Low income
Ethiopia,2019,"92,562",826,"28,027",0.1,Sub-Saharan Africa,Low income
Finland,2005,"204,804","38,944","56,316",10.5,Europe & Central Asia,High income
Finland,2010,"249,181","46,439","63,641",11.6,Europe & Central Asia,High income
Finland,2015,"234,440","42,772","43,929",7.7,Europe & Central Asia,High income
Finland,2019,"268,782","48,585","41,793",7.3,Europe & Central Asia,High income
France,2005,"2,196,071","34,807","378,408",5.9,Europe & Central Asia,High income
France,2010,"2,642,610","40,685","347,109",5.2,Europe & Central Asia,High income
France,2015,"2,438,208","36,612","311,650",4.6,Europe & Central Asia,High income
France,2019,"2,728,870","40,517","300,653",4.4,Europe & Central Asia,High income
Gabon,2005,"9,579","6,889","2,172",1.2,Sub-Saharan Africa,Upper middle income
Gabon,2010,"14,359","8,841","3,282",1.6,Sub-Saharan Africa,Upper middle income
Gabon,2015,"14,372","7,379","3,911",1.7,Sub-Saharan Africa,Upper middle income
Gabon,2019,"16,874","7,767","3,071",1.1,Sub-Saharan Africa,Upper middle income
Georgia,2005,"6,744","1,602","4,244",1.0,Europe & Central Asia,Upper middle income
Georgia,2010,"12,243","2,987","5,188",1.3,Europe & Central Asia,Upper middle income
Georgia,2015,"14,954","3,716","8,804",2.3,Europe & Central Asia,Upper middle income
Georgia,2019,"17,477","4,373","9,530",2.5,Europe & Central Asia,Upper middle income
Germany,2005,"2,845,732","34,873","796,347",9.7,Europe & Central Asia,High income
Germany,2010,"3,396,354","42,020","769,624",9.5,Europe & Central Asia,High income
Germany,2015,"3,356,236","41,036","739,890",8.9,Europe & Central Asia,High income
Germany,2019,"3,888,327","46,557","653,896",7.8,Europe & Central Asia,High income
Ghana,2005,"22,765","1,044","7,106",0.3,Sub-Saharan Africa,Lower middle income
Ghana,2010,"42,587","1,719","11,138",0.4,Sub-Saharan Africa,Lower middle income
Ghana,2015,"50,034","1,797","14,979",0.5,Sub-Saharan Africa,Lower middle income
Ghana,2019,"68,353","2,247","19,209",0.6,Sub-Saharan Africa,Lower middle income
Greece,2005,"247,777","22,074","96,322",8.7,Europe & Central Asia,High income
Greece,2010,"296,835","27,264","84,453",7.5,Europe & Central Asia,High income
Greece,2015,"195,605","18,350","65,519",6.0,Europe & Central Asia,High income
Greece,2019,"205,144","19,587","57,491",5.3,Europe & Central Asia,High income
Guatemala,2005,"26,779","2,045","12,448",0.8,Latin America & Caribbean,Upper middle income
Guatemala,2010,"40,682","2,781","12,513",0.7,Latin America & Caribbean,Upper middle income
Guatemala,2015,"62,186","3,826","17,468",1.0,Latin America & Caribbean,Upper middle income
Guatemala,2019,"77,020","4,381","20,762",1.1,Latin America & Caribbean,Upper middle income
Guyana,2005,"1,978","2,651","1,530",2.0,Latin America & Caribbean,Upper middle income
Guyana,2010,"3,433","4,581","1,807",2.3,Latin America & Caribbean,Upper middle income
Guyana,2015,"4,280","5,577","2,087",2.7,Latin America & Caribbean,Upper middle income
Guyana,2019,"5,174","6,610","2,730",3.4,Latin America & Caribbean,Upper middle income
Haiti,2005,"6,980",759,"2,209",0.2,Latin America & Caribbean,Lower middle income
Haiti,2010,"11,812","1,187","3,063",0.2,Latin America & Caribbean,Lower middle income
Haiti,2015,"14,228","1,330","3,994",0.3,Latin America & Caribbean,Lower middle income
Haiti,2019,"14,007","1,244","4,075",0.3,Latin America & Caribbean,Lower middle income
Honduras,2005,"9,757","1,308","7,034",0.9,Latin America & Caribbean,Lower middle income
Honduras,2010,"15,839","1,904","8,303",0.9,Latin America & Caribbean,Lower middle income
Honduras,2015,"20,980","2,302","10,103",1.0,Latin America & Caribbean,Lower middle income
Honduras,2019,"25,090","2,574","10,158",1.0,Latin America & Caribbean,Lower middle income
Hungary,2005,"113,237","11,227","55,629",5.4,Europe & Central Asia,High income
Hungary,2010,"132,231","13,320","48,266",4.7,Europe & Central Asia,High income
Hungary,2015,"125,210","12,805","43,873",4.3,Europe & Central Asia,High income
Hungary,2019,"163,526","16,885","46,398",4.6,Europe & Central Asia,High income
Iceland,2005,"16,853","57,133","2,263",7.6,Europe & Central Asia,High income
Iceland,2010,"13,751","42,928","1,978",6.1,Europe & Central Asia,High income
Iceland,2015,"17,517","53,043","2,090",6.2,Europe & Central Asia,High income
Iceland,2019,"24,858","73,320","1,667",4.5,Europe & Central Asia,High income
India,2005,"823,612",718,"1,120,993",0.9,South Asia,Lower middle income
India,2010,"1,669,620","1,353","1,625,063",1.3,South Asia,Lower middle income
India,2015,"2,146,759","1,639","2,094,130",1.6,South Asia,Lower middle income
India,2019,"2,889,949","2,115","2,371,890",1.7,South Asia,Lower middle income
Indonesia,2005,"304,372","1,345","336,464",1.4,East Asia & Pacific,Lower middle income
Indonesia,2010,"755,094","3,122","409,899",1.6,East Asia & Pacific,Lower middle income
Indonesia,2015,"860,854","3,332","473,971",1.8,East Asia & Pacific,Lower middle income
Indonesia,2019,"1,119,091","4,135","596,296",2.2,East Asia & Pacific,Lower middle income
Iran (Islamic Republic of),2005,"228,899","3,281","421,593",6.0,Middle East & North Africa,Lower middle income
Iran (Islamic Republic of),2010,"523,804","7,101","503,021",6.8,Middle East & North Africa,Lower middle income
Iran (Islamic Republic of),2015,"417,210","5,315","560,800",7.1,Middle East & North Africa,Lower middle income
Iran (Islamic Republic of),2019,"653,593","7,883","588,647",7.0,Middle East & North Africa,Lower middle income
Iraq,2005,"49,955","1,856","71,968",2.6,Middle East & North Africa,Upper middle income
Iraq,2010,"138,517","4,657","90,090",3.0,Middle East & North Africa,Upper middle income
Iraq,2015,"166,774","4,688","100,792",2.8,Middle East & North Africa,Upper middle income
Iraq,2019,"235,097","5,981","139,388",3.5,Middle East & North Africa,Upper middle income
Ireland,2005,"211,793","51,143","44,909",10.6,Europe & Central Asia,High income
Ireland,2010,"221,660","48,670","39,662",8.6,Europe & Central Asia,High income
Ireland,2015,"291,463","62,648","35,947",7.5,Europe & Central Asia,High income
Ireland,2019,"399,122","81,746","34,381",6.9,Europe & Central Asia,High income
Israel,2005,"142,657","21,848","59,347",8.4,Middle East & North Africa,High income
Israel,2010,"234,655","31,941","69,065",9.0,Middle East & North Africa,High income
Israel,2015,"300,078","37,611","64,455",7.6,Middle East & North Africa,High income
Israel,2019,"397,935","46,709","61,512",6.7,Middle East & North Africa,High income
Italy,2005,"1,857,478","31,871","461,849",7.8,Europe & Central Asia,High income
Italy,2010,"2,134,018","35,972","398,376",6.6,Europe & Central Asia,High income
Italy,2015,"1,835,899","30,306","335,503",5.4,Europe & Central Asia,High income
Italy,2019,"2,009,384","33,185","314,981",5.1,Europe & Central Asia,High income
Jamaica,2005,"11,244","4,104","10,404",3.8,Latin America & Caribbean,Upper middle income
Jamaica,2010,"13,221","4,704","7,256",2.5,Latin America & Caribbean,Upper middle income
Jamaica,2015,"14,198","4,911","6,783",2.3,Latin America & Caribbean,Upper middle income
Jamaica,2019,"15,831","5,369","8,193",2.7,Latin America & Caribbean,Upper middle income
Japan,2005,"4,831,467","37,650","1,191,317",9.2,East Asia & Pacific,High income
Japan,2010,"5,759,072","44,803","1,142,445",8.8,East Asia & Pacific,High income
Japan,2015,"4,444,931","34,730","1,163,533",9.1,East Asia & Pacific,High income
Japan,2019,"5,148,782","40,586","1,065,846",8.4,East Asia & Pacific,High income
Jordan,2005,"12,982","2,252","18,623",3.2,Middle East & North Africa,Upper middle income
Jordan,2010,"27,134","3,737","18,969",2.6,Middle East & North Africa,Upper middle income
Jordan,2015,"38,587","4,164","23,987",2.6,Middle East & North Africa,Upper middle income
Jordan,2019,"44,503","4,405","23,129",2.3,Middle East & North Africa,Upper middle income
Kazakhstan,2005,"57,124","3,709","157,981",10.4,Europe & Central Asia,Upper middle income
Kazakhstan,2010,"148,047","9,109","223,026",13.5,Europe & Central Asia,Upper middle income
Kazakhstan,2015,"184,388","10,493","181,744",10.2,Europe & Central Asia,Upper middle income
Kazakhstan,2019,"181,667","9,793","207,655",11.1,Europe & Central Asia,Upper middle income
Kenya,2005,"23,559",643,"10,316",0.2,Sub-Saharan Africa,Lower middle income
Kenya,2010,"43,820","1,043","14,503",0.3,Sub-Saharan Africa,Lower middle income
Kenya,2015,"70,120","1,465","18,578",0.3,Sub-Saharan Africa,Lower middle income
Kenya,2019,"100,554","1,913","24,338",0.4,Sub-Saharan Africa,Lower middle income
Kosovo,2005,"3,595","2,051","6,759",3.9,Europe & Central Asia,Upper middle income
Kosovo,2010,"5,339","3,141","8,865",4.9,Europe & Central Asia,Upper middle income
Kosovo,2015,"6,293","3,533","8,775",4.8,Europe & Central Asia,Upper middle income
Kosovo,2019,"7,899","4,443","8,802",4.8,Europe & Central Asia,Upper middle income
Kuwait,2005,"80,798","35,591","65,134",28.5,Middle East & North Africa,High income
Kuwait,2010,"115,416","38,576","77,649",25.8,Middle East & North Africa,High income
Kuwait,2015,"114,585","29,874","86,722",22.5,Middle East & North Africa,High income
Kuwait,2019,"136,192","32,372","90,028",21.3,Middle East & North Africa,High income
Kyrgyzstan,2005,"2,460",485,"4,949",0.9,Europe & Central Asia,Lower middle income
Kyrgyzstan,2010,"4,794",884,"6,137",1.1,Europe & Central Asia,Lower middle income
Kyrgyzstan,2015,"6,678","1,121","9,872",1.6,Europe & Central Asia,Lower middle income
Kyrgyzstan,2019,"8,871","1,383","9,484",1.4,Europe & Central Asia,Lower middle income
Latvia,2005,"17,003","7,550","8,040",3.4,Europe & Central Asia,High income
Latvia,2010,"23,964","11,310","8,489",3.9,Europe & Central Asia,High income
Latvia,2015,"27,252","13,642","7,209",3.5,Europe & Central Asia,High income
Latvia,2019,"34,309","17,993","7,399",3.7,Europe & Central Asia,High income
Lebanon,2005,"21,497","4,575","14,759",3.1,Middle East & North Africa,Lower middle income
Lebanon,2010,"38,444","7,762","18,558",3.7,Middle East & North Africa,Lower middle income
Lebanon,2015,"50,066","7,664","24,965",3.8,Middle East & North Africa,Lower middle income
Lebanon,2019,"53,556","7,812","25,873",3.7,Middle East & North Africa,Lower middle income
Libya,2005,"48,853","8,425","44,410",7.6,Middle East & North Africa,Upper middle income
Libya,2010,"75,418","12,169","51,172",8.2,Middle East & North Africa,Upper middle income
Libya,2015,"48,522","7,560","45,657",7.0,Middle East & North Africa,Upper middle income
Libya,2019,"59,830","8,828","46,534",6.8,Middle East & North Africa,Upper middle income
Lithuania,2005,"26,113","7,808","12,825",3.7,Europe & Central Asia,High income
Lithuania,2010,"37,138","11,889","12,722",4.0,Europe & Central Asia,High income
Lithuania,2015,"41,419","14,127","10,962",3.6,Europe & Central Asia,High income
Lithuania,2019,"54,697","19,821","11,587",4.0,Europe & Central Asia,High income
Luxembourg,2005,"37,657","82,250","11,667",24.7,Europe & Central Asia,High income
Luxembourg,2010,"56,159","110,574","10,830",21.0,Europe & Central Asia,High income
Luxembourg,2015,"60,047","105,952","8,964",15.5,Europe & Central Asia,High income
Luxembourg,2019,"70,196","114,004","9,277",14.6,Europe & Central Asia,High income
Malaysia,2005,"143,534","5,587","157,326",6.1,East Asia & Pacific,Upper middle income
Malaysia,2010,"255,018","9,041","191,635",6.7,East Asia & Pacific,Upper middle income
Malaysia,2015,"301,355","9,955","222,541",7.3,East Asia & Pacific,Upper middle income
Malaysia,2019,"364,684","11,414","239,066",7.4,East Asia & Pacific,Upper middle income
Malta,2005,"6,406","15,830","2,645",6.5,Middle East & North Africa,High income
Malta,2010,"9,027","21,791","2,607",6.2,Middle East & North Africa,High income
Malta,2015,"11,087","25,572","1,677",3.7,Middle East & North Africa,High income
Malta,2019,"15,726","35,711","1,680",3.3,Middle East & North Africa,High income
Mauritius,2005,"6,775","5,544","3,012",2.4,Sub-Saharan Africa,Upper middle income
Mauritius,2010,"10,004","8,016","3,716",2.9,Sub-Saharan Africa,Upper middle income
Mauritius,2015,"11,692","9,284","4,020",3.1,Sub-Saharan Africa,Upper middle income
Mauritius,2019,"14,046","11,063","4,233",3.3,Sub-Saharan Africa,Upper middle income
Mexico,2005,"877,477","8,278","419,577",3.9,Latin America & Caribbean,Upper middle income
Mexico,2010,"1,057,801","9,271","448,146",3.9,Latin America & Caribbean,Upper middle income
Mexico,2015,"1,171,870","9,617","450,100",3.7,Latin America & Caribbean,Upper middle income
Mexico,2019,"1,268,868","9,946","426,938",3.3,Latin America & Caribbean,Upper middle income
Mongolia,2005,"2,926","1,158","11,207",4.3,East Asia & Pacific,Lower middle income
Mongolia,2010,"7,189","2,643","14,436",5.2,East Asia & Pacific,Lower middle income
Mongolia,2015,"11,750","3,919","17,418",5.7,East Asia & Pacific,Lower middle income
Mongolia,2019,"13,997","4,340","23,062",7.0,East Asia & Pacific,Lower middle income
Montenegro,2005,"2,279","3,697","2,076",3.3,Europe & Central Asia,Upper middle income
Montenegro,2010,"4,139","6,630","2,668",4.2,Europe & Central Asia,Upper middle income
Montenegro,2015,"4,053","6,465","2,439",3.8,Europe & Central Asia,Upper middle income
Montenegro,2019,"5,542","8,825","2,676",4.2,Europe & Central Asia,Upper middle income
Morocco,2005,"62,545","2,054","40,277",1.3,Middle East & North Africa,Lower middle income
Morocco,2010,"93,217","2,882","47,288",1.4,Middle East & North Africa,Lower middle income
Morocco,2015,"101,179","2,919","56,030",1.6,Middle East & North Africa,Lower middle income
Morocco,2019,"119,871","3,287","66,891",1.8,Middle East & North Africa,Lower middle income
Mozambique,2005,"8,542",417,"3,867",0.1,Sub-Saharan Africa,Low income
Mozambique,2010,"11,105",472,"3,571",0.1,Sub-Saharan Africa,Low income
Mozambique,2015,"15,951",590,"6,641",0.2,Sub-Saharan Africa,Low income
Mozambique,2019,"15,390",507,"8,434",0.2,Sub-Saharan Africa,Low income
Myanmar,2005,"14,148",289,"14,200",0.2,East Asia & Pacific,Lower middle income
Myanmar,2010,"44,847",886,"11,715",0.2,East Asia & Pacific,Lower middle income
Myanmar,2015,"63,835","1,212","22,683",0.4,East Asia & Pacific,Lower middle income
Myanmar,2019,"74,279","1,374","39,338",0.7,East Asia & Pacific,Lower middle income
Namibia,2005,"7,121","3,674","2,637",1.3,Sub-Saharan Africa,Upper middle income
Namibia,2010,"11,282","5,325","3,246",1.5,Sub-Saharan Africa,Upper middle income
Namibia,2015,"11,335","4,897","3,986",1.7,Sub-Saharan Africa,Upper middle income
Namibia,2019,"12,566","5,037","3,936",1.5,Sub-Saharan Africa,Upper middle income
Nepal,2005,"8,713",338,"5,952",0.1,South Asia,Lower middle income
Nepal,2010,"18,365",680,"7,258",0.2,South Asia,Lower middle income
Nepal,2015,"23,667",876,"9,111",0.2,South Asia,Lower middle income
Nepal,2019,"34,268","1,198","13,691",0.4,South Asia,Lower middle income
Netherlands,2005,"685,076","41,857","168,921",10.3,Europe & Central Asia,High income
Netherlands,2010,"846,555","50,744","172,314",10.3,Europe & Central Asia,High income
Netherlands,2015,"765,265","45,179","158,641",9.3,Europe & Central Asia,High income
Netherlands,2019,"910,194","53,237","147,906",8.4,Europe & Central Asia,High income
New Zealand,2005,"114,722","27,742","34,235",8.1,East Asia & Pacific,High income
New Zealand,2010,"146,518","33,528","30,955",7.0,East Asia & Pacific,High income
New Zealand,2015,"178,064","38,588","31,975",6.8,East Asia & Pacific,High income
New Zealand,2019,"213,435","44,623","34,015",6.7,East Asia & Pacific,High income
Nicaragua,2005,"6,300","1,158","4,513",0.8,Latin America & Caribbean,Lower middle income
Nicaragua,2010,"8,759","1,504","4,708",0.7,Latin America & Caribbean,Lower middle income
Nicaragua,2015,"12,757","2,050","5,460",0.8,Latin America & Caribbean,Lower middle income
Nicaragua,2019,"12,611","1,927","5,364",0.7,Latin America & Caribbean,Lower middle income
Niger,2005,"4,586",337,"1,260",0.1,Sub-Saharan Africa,Low income
Niger,2010,"7,631",464,"1,980",0.1,Sub-Saharan Africa,Low income
Niger,2015,"9,677",484,"2,803",0.1,Sub-Saharan Africa,Low income
Niger,2019,"12,916",554,"3,010",0.1,Sub-Saharan Africa,Low income
Nigeria,2005,"176,134","1,268","84,440",0.4,Sub-Saharan Africa,Lower middle income
Nigeria,2010,"363,360","2,292","89,038",0.4,Sub-Saharan Africa,Lower middle income
Nigeria,2015,"494,583","2,730","121,838",0.5,Sub-Saharan Africa,Lower middle income
Nigeria,2019,"474,517","2,361","131,777",0.5,Sub-Saharan Africa,Lower middle income
North Macedonia,2005,"6,259","3,038","9,018",4.3,Europe & Central Asia,Upper middle income
North Macedonia,2010,"9,407","4,543","8,463",4.0,Europe & Central Asia,Upper middle income
North Macedonia,2015,"10,065","4,840","7,286",3.4,Europe & Central Asia,Upper middle income
North Macedonia,2019,"12,547","6,022","8,089",3.8,Europe & Central Asia,Upper middle income
Norway,2005,"308,884","66,680","35,180",7.5,Europe & Central Asia,High income
Norway,2010,"428,757","87,754","40,720",8.2,Europe & Central Asia,High income
Norway,2015,"385,802","74,195","38,716",7.3,Europe & Central Asia,High income
Norway,2019,"405,510","75,390","35,504",6.5,Europe & Central Asia,High income
Oman,2005,"31,082","12,377","25,341",10.0,Middle East & North Africa,High income
Oman,2010,"56,913","18,713","42,751",14.0,Middle East & North Africa,High income
Oman,2015,"68,400","16,029","64,183",14.9,Middle East & North Africa,High income
Oman,2019,"76,332","15,343","69,452",13.9,Middle East & North Africa,High income
Pakistan,2005,"117,708",734,"124,722",0.7,South Asia,Lower middle income
Pakistan,2010,"174,508",973,"140,334",0.7,South Asia,Lower middle income
Pakistan,2015,"267,035","1,339","163,304",0.8,South Asia,Lower middle income
Pakistan,2019,"253,088","1,169","188,418",0.8,South Asia,Lower middle income
Panama,2005,"15,714","4,719","6,843",2.0,Latin America & Caribbean,High income
Panama,2010,"29,440","8,082","8,785",2.4,Latin America & Caribbean,High income
Panama,2015,"54,092","13,630","10,055",2.5,Latin America & Caribbean,High income
Panama,2019,"66,788","15,728","12,802",3.0,Latin America & Caribbean,High income
Paraguay,2005,"11,306","1,941","3,997",0.6,Latin America & Caribbean,Upper middle income
Paraguay,2010,"27,261","4,363","5,346",0.8,Latin America & Caribbean,Upper middle income
Paraguay,2015,"36,211","5,414","6,550",0.9,Latin America & Caribbean,Upper middle income
Paraguay,2019,"37,907","5,381","8,529",1.1,Latin America & Caribbean,Upper middle income
Peru,2005,"76,080","2,730","29,923",1.0,Latin America & Caribbean,Upper middle income
Peru,2010,"147,528","5,082","43,054",1.4,Latin America & Caribbean,Upper middle income
Peru,2015,"189,803","6,229","51,084",1.6,Latin America & Caribbean,Upper middle income
Peru,2019,"228,473","7,028","53,754",1.6,Latin America & Caribbean,Upper middle income
Philippines,2005,"107,420","1,244","72,912",0.8,East Asia & Pacific,Lower middle income
Philippines,2010,"208,369","2,217","78,563",0.8,East Asia & Pacific,Lower middle income
Philippines,2015,"306,446","3,001","104,729",1.0,East Asia & Pacific,Lower middle income
Philippines,2019,"376,823","3,485","138,815",1.3,East Asia & Pacific,Lower middle income
Poland,2005,"306,146","7,979","301,740",7.8,Europe & Central Asia,High income
Poland,2010,"479,834","12,519","314,255",8.0,Europe & Central Asia,High income
Poland,2015,"477,812","12,563","288,687",7.4,Europe & Central Asia,High income
Poland,2019,"597,284","15,765","293,253",7.5,Europe & Central Asia,High income
Portugal,2005,"197,175","18,763","62,528",5.8,Europe & Central Asia,High income
Portugal,2010,"237,881","22,450","48,542",4.5,Europe & Central Asia,High income
Portugal,2015,"199,314","19,223","47,872",4.5,Europe & Central Asia,High income
Portugal,2019,"239,987","23,468","43,346",4.1,Europe & Central Asia,High income
Qatar,2005,"44,530","51,456","33,363",38.4,Middle East & North Africa,High income
Qatar,2010,"125,122","67,403","55,771",29.9,Middle East & North Africa,High income
Qatar,2015,"161,740","63,039","80,442",31.2,Middle East & North Africa,High income
Qatar,2019,"175,838","62,088","87,276",30.7,Middle East & North Africa,High income
Republic of Korea,2005,"934,901","19,197","461,549",3.2,East Asia & Pacific,High income
Republic of Korea,2010,"1,144,067","23,091","555,430",2.0,East Asia & Pacific,High income
Republic of Korea,2015,"1,465,773","28,841","587,214",0.9,East Asia & Pacific,High income
Republic of Korea,2019,"1,651,223","32,235","590,721",2.1,East Asia & Pacific,High income
Romania,2005,"98,454","4,597","92,955",4.3,Europe & Central Asia,High income
Romania,2010,"166,309","8,124","76,708",3.7,Europe & Central Asia,High income
Romania,2015,"177,731","8,920","71,662",3.5,Europe & Central Asia,High income
Romania,2019,"249,880","12,904","71,981",3.6,Europe & Central Asia,High income
Russian Federation,2005,"771,495","5,370","1,491,331",10.3,Europe & Central Asia,Upper middle income
Russian Federation,2010,"1,539,845","10,732","1,538,693",10.7,Europe & Central Asia,Upper middle income
Russian Federation,2015,"1,363,482","9,404","1,543,459",10.6,Europe & Central Asia,Upper middle income
Russian Federation,2019,"1,687,450","11,568","1,652,097",11.4,Europe & Central Asia,Upper middle income
Saudi Arabia,2005,"328,461","13,792","299,568",12.5,Middle East & North Africa,High income
Saudi Arabia,2010,"528,207","19,263","421,715",15.3,Middle East & North Africa,High income
Saudi Arabia,2015,"654,270","20,628","536,071",16.8,Middle East & North Africa,High income
Saudi Arabia,2019,"792,967","23,140","499,450",14.4,Middle East & North Africa,High income
Senegal,2005,"11,267","1,016","4,885",0.4,Sub-Saharan Africa,Lower middle income
Senegal,2010,"16,725","1,319","5,908",0.4,Sub-Saharan Africa,Lower middle income
Senegal,2015,"17,761","1,218","7,943",0.5,Sub-Saharan Africa,Lower middle income
Senegal,2019,"23,306","1,430","8,931",0.5,Sub-Saharan Africa,Lower middle income
Serbia,2005,"27,683","3,720","50,278",6.7,Europe & Central Asia,Upper middle income
Serbia,2010,"41,819","5,735","46,797",6.3,Europe & Central Asia,Upper middle income
Serbia,2015,"39,656","5,589","45,381",6.3,Europe & Central Asia,Upper middle income
Serbia,2019,"51,514","7,365","45,845",6.5,Europe & Central Asia,Upper middle income
Singapore,2005,"127,808","29,962","37,127",8.7,East Asia & Pacific,High income
Singapore,2010,"239,808","46,736","42,677",8.4,East Asia & Pacific,High income
Singapore,2015,"307,999","55,077","45,707",8.2,East Asia & Pacific,High income
Singapore,2019,"374,398","64,503","47,647",8.3,East Asia & Pacific,High income
Slovenia,2005,"36,204","18,148","15,804",0.0,Europe & Central Asia,High income
Slovenia,2010,"48,161","23,570","15,805",0.0,Europe & Central Asia,High income
Slovenia,2015,"43,090","20,804","13,127",0.0,Europe & Central Asia,High income
Slovenia,2019,"54,179","26,064","13,457",0.0,Europe & Central Asia,High income
South Africa,2005,"257,772","5,384","377,797",7.8,Sub-Saharan Africa,Upper middle income
South Africa,2010,"375,348","7,329","425,736",8.2,Sub-Saharan Africa,Upper middle income
South Africa,2015,"317,416","5,731","425,401",7.6,Sub-Saharan Africa,Upper middle income
South Africa,2019,"351,431","6,001","440,028",7.4,Sub-Saharan Africa,Upper middle income
South Sudan,2015,"6,231",581,"2,048",0.2,Sub-Saharan Africa,Low income
South Sudan,2019,"16,442","1,486","1,771",0.2,Sub-Saharan Africa,Low income
Spain,2005,"1,153,257","26,199","337,918",7.6,Europe & Central Asia,High income
Spain,2010,"1,420,722","30,273","266,122",5.6,Europe & Central Asia,High income
Spain,2015,"1,195,119","25,607","250,696",5.3,Europe & Central Asia,High income
Spain,2019,"1,393,046","29,806","234,738",4.9,Europe & Central Asia,High income
Sri Lanka,2005,"27,932","1,429","14,830",0.7,South Asia,Lower middle income
Sri Lanka,2010,"56,726","2,800","13,968",0.6,South Asia,Lower middle income
Sri Lanka,2015,"80,604","3,855","20,979",0.9,South Asia,Lower middle income
Sri Lanka,2019,"83,991","3,939","24,162",1.0,South Asia,Lower middle income
Sudan,2010,"54,740","1,585","17,355",0.3,Sub-Saharan Africa,Low income
Sudan,2015,"83,933","2,158","18,662",0.4,Sub-Saharan Africa,Low income
Sudan,2019,"34,895",815,"20,945",0.4,Sub-Saharan Africa,Low income
Suriname,2005,"2,193","4,391","1,687",3.3,Latin America & Caribbean,Upper middle income
Suriname,2010,"4,482","8,470","1,760",3.3,Latin America & Caribbean,Upper middle income
Suriname,2015,"5,126","9,168","2,734",4.8,Latin America & Caribbean,Upper middle income
Suriname,2019,"3,977","6,841","2,678",4.5,Latin America & Caribbean,Upper middle income
Sweden,2005,"392,219","43,394","50,465",5.4,Europe & Central Asia,High income
Sweden,2010,"495,813","52,801","48,543",5.0,Europe & Central Asia,High income
Sweden,2015,"505,104","51,726","39,512",3.8,Europe & Central Asia,High income
Sweden,2019,"533,880","53,194","35,580",3.3,Europe & Central Asia,High income
Switzerland,2005,"420,553","56,933","44,921",5.9,Europe & Central Asia,High income
Switzerland,2010,"603,434","77,277","44,234",5.5,Europe & Central Asia,High income
Switzerland,2015,"702,150","84,629","38,261",4.5,Europe & Central Asia,High income
Switzerland,2019,"731,718","85,169","36,549",4.2,Europe & Central Asia,High income
Syrian Arab Republic,2005,"28,397","1,547","53,888",2.9,Middle East & North Africa,Low income
Syrian Arab Republic,2010,"60,465","2,830","57,701",2.7,Middle East & North Africa,Low income
Syrian Arab Republic,2015,"19,967","1,109","23,933",1.3,Middle East & North Africa,Low income
Syrian Arab Republic,2019,"26,597","1,558","23,776",1.4,Middle East & North Africa,Low income
Tajikistan,2005,"2,312",341,"2,368",0.3,Europe & Central Asia,Lower middle income
Tajikistan,2010,"5,642",750,"2,331",0.3,Europe & Central Asia,Lower middle income
Tajikistan,2015,"8,271",978,"4,286",0.5,Europe & Central Asia,Lower middle income
Tajikistan,2019,"8,301",891,"7,683",0.8,Europe & Central Asia,Lower middle income
Thailand,2005,"189,318","2,894","205,333",3.1,East Asia & Pacific,Upper middle income
Thailand,2010,"341,105","5,076","226,703",3.3,East Asia & Pacific,Upper middle income
Thailand,2015,"401,296","5,840","253,429",3.6,East Asia & Pacific,Upper middle income
Thailand,2019,"544,264","7,817","256,939",3.6,East Asia & Pacific,Upper middle income
Togo,2005,"2,281",406,"1,327",0.2,Sub-Saharan Africa,Low income
Togo,2010,"3,426",534,"2,527",0.3,Sub-Saharan Africa,Low income
Togo,2015,"5,346",730,"1,492",0.1,Sub-Saharan Africa,Low income
Togo,2019,"6,894",853,"2,018",0.2,Sub-Saharan Africa,Low income
Trinidad and Tobago,2005,"16,037","12,369","17,112",13.1,Latin America & Caribbean,High income
Trinidad and Tobago,2010,"22,198","16,714","21,096",15.8,Latin America & Caribbean,High income
Trinidad and Tobago,2015,"25,192","18,384","20,676",15.0,Latin America & Caribbean,High income
Trinidad and Tobago,2019,"23,887","17,123","16,687",11.9,Latin America & Caribbean,High income
Tunisia,2005,"32,272","3,193","19,914",1.9,Middle East & North Africa,Lower middle income
Tunisia,2010,"44,051","4,142","23,757",2.2,Middle East & North Africa,Lower middle income
Tunisia,2015,"43,173","3,862","26,087",2.3,Middle East & North Africa,Lower middle income
Tunisia,2019,"39,195","3,352","26,678",2.2,Middle East & North Africa,Lower middle income
Türkiye,2005,"506,315","7,456","220,018",3.2,Europe & Central Asia,Upper middle income
Türkiye,2010,"776,967","10,742","272,306",3.7,Europe & Central Asia,Upper middle income
Türkiye,2015,"864,314","11,006","322,947",4.1,Europe & Central Asia,Upper middle income
Türkiye,2019,"761,002","9,121","370,198",4.4,Europe & Central Asia,Upper middle income
Turkmenistan,2005,"14,174","2,981","48,402",10.1,Europe & Central Asia,Upper middle income
Turkmenistan,2010,"22,583","4,439","57,228",11.2,Europe & Central Asia,Upper middle income
Turkmenistan,2015,"36,052","6,478","69,475",12.4,Europe & Central Asia,Upper middle income
Turkmenistan,2019,"43,461","7,314","69,582",11.6,Europe & Central Asia,Upper middle income
Ukraine,2005,"89,239","1,903","292,530",6.2,Europe & Central Asia,Lower middle income
Ukraine,2010,"136,012","2,970","268,049",5.8,Europe & Central Asia,Lower middle income
Ukraine,2015,"91,031","2,026","189,040",4.2,Europe & Central Asia,Lower middle income
Ukraine,2019,"153,930","3,499","172,311",3.8,Europe & Central Asia,Lower middle income
United Arab Emirates,2005,"182,978","39,880","111,903",24.2,Middle East & North Africa,High income
United Arab Emirates,2010,"289,787","33,893","155,599",18.1,Middle East & North Africa,High income
United Arab Emirates,2015,"358,135","38,663","187,304",20.1,Middle East & North Africa,High income
United Arab Emirates,2019,"417,216","42,701","179,233",18.2,Middle East & North Africa,High income
United Kingdom,2005,"2,544,837","42,211","536,752",8.8,Europe & Central Asia,High income
United Kingdom,2010,"2,491,110","39,255","481,772",7.6,Europe & Central Asia,High income
United Kingdom,2015,"2,956,574","44,892","399,193",6.1,Europe & Central Asia,High income
United Kingdom,2019,"2,878,674","42,628","347,620",5.1,Europe & Central Asia,High income
United States of America,2005,"13,039,197","44,202","5,781,166",19.3,North America,High income
United States of America,2010,"15,048,970","48,700","5,428,235",17.3,North America,High income
United States of America,2015,"18,206,023","56,738","5,004,513",15.4,North America,High income
United States of America,2019,"21,372,582","64,949","4,821,298",14.4,North America,High income
Uruguay,2005,"17,363","5,227","5,338",1.6,Latin America & Caribbean,High income
Uruguay,2010,"40,285","11,992","6,244",1.8,Latin America & Caribbean,High income
Uruguay,2015,"57,081","16,729","6,672",1.8,Latin America & Caribbean,High income
Uruguay,2019,"61,231","17,688","6,557",1.8,Latin America & Caribbean,High income
Uzbekistan,2005,"17,085",646,"112,650",4.3,Europe & Central Asia,Lower middle income
Uzbekistan,2010,"46,909","1,645","120,436",4.2,Europe & Central Asia,Lower middle income
Uzbekistan,2015,"81,847","2,646","94,328",3.0,Europe & Central Asia,Lower middle income
Uzbekistan,2019,"57,727","1,750","112,677",3.3,Europe & Central Asia,Lower middle income
Zambia,2005,"8,332",703,"3,477",0.2,Sub-Saharan Africa,Low income
Zambia,2010,"20,265","1,489","3,711",0.2,Sub-Saharan Africa,Low income
Zambia,2015,"20,859","1,314","5,952",0.3,Sub-Saharan Africa,Low income
Zambia,2019,"23,310","1,305","7,566",0.3,Sub-Saharan Africa,Low income
Zimbabwe,2005,"7,189",595,"12,551",0.9,Sub-Saharan Africa,Lower middle income
Zimbabwe,2010,"12,042",948,"11,753",0.7,Sub-Saharan Africa,Lower middle income
Zimbabwe,2015,"19,963","1,445","14,514",0.9,Sub-Saharan Africa,Lower middle income
Zimbabwe,2019,"21,935","1,498","13,882",0.8,Sub-Saharan Africa,Lower middle income
